{
  "status": "done",
  "assets": {
    "css/main.css": {
      "name": "css/main.css",
      "path": "/home/rc-regalado/git/PycharmProjects/gshop/static/blog/css/main.css"
    },
    "js/main.js": {
      "name": "js/main.js",
      "path": "/home/rc-regalado/git/PycharmProjects/gshop/static/blog/js/main.js"
    },
    "js/about.js": {
      "name": "js/about.js",
      "path": "/home/rc-regalado/git/PycharmProjects/gshop/static/blog/js/about.js"
    },
    "js/chunk-vendors.js": {
      "name": "js/chunk-vendors.js",
      "path": "/home/rc-regalado/git/PycharmProjects/gshop/static/blog/js/chunk-vendors.js"
    },
    "favicon.ico": {
      "name": "favicon.ico",
      "path": "/home/rc-regalado/git/PycharmProjects/gshop/static/blog/favicon.ico"
    },
    "index.html": {
      "name": "index.html",
      "path": "/home/rc-regalado/git/PycharmProjects/gshop/static/blog/index.html"
    }
  },
  "chunks": {
    "main": [
      "js/chunk-vendors.js",
      "css/main.css",
      "js/main.js"
    ]
  }
}